case_id,correct,total,accuracy
Case10917,7,9,77.77777777777777
Case18257,8,9,88.88888888888889
Case4512,8,9,88.88888888888889
Case8051,7,9,77.77777777777777
Case9349,7,9,77.77777777777777

Overall,37,45,82.22,6.09
