case_id,correct,total,accuracy
Case13,5,9,55.55555555555556
Case14017,6,9,66.66666666666667
Case14141,8,9,88.88888888888889
Case18821,5,9,55.55555555555556
Case2847,7,9,77.77777777777777
Case3494,6,9,66.66666666666667
Case4196,5,9,55.55555555555556
Case4262,6,9,66.66666666666667
Case4604,7,9,77.77777777777777
Case5674,5,9,55.55555555555556
Case8051,0,9,0.0
Case811,7,9,77.77777777777777
Case8485,4,9,44.44444444444444
Case9408,6,9,66.66666666666667
