setting,chunk_type,retrieve_count,topk,matched_count,match_rate,mrr_cosine,mrr_llm,avg_orig_rank,avg_llm_rank,avg_rank_change,improved_count,same_count,improved_percent
top1_10retrieve_gpt_5_mini_header_openai_small,header,10,1,82,78.0952380952381,0.4972028648857918,1.0,3.5121951219512195,1.0,2.5121951219512195,55,27,67.07317073170732
top1_30retrieve_gpt_5_mini_header_openai_small,header,30,1,85,80.95238095238095,0.47502631355572533,1.0,4.247058823529412,1.0,3.2470588235294118,58,27,68.23529411764706
top3_10retrieve_gpt_5_mini_header_openai_small,header,10,3,82,78.0952380952381,0.5080913666279521,0.9939024390243902,3.4146341463414633,1.0121951219512195,2.402439024390244,54,27,65.85365853658537
top3_30retrieve_gpt_5_mini_header_openai_small,header,30,3,86,81.9047619047619,0.48113065874693783,0.9767441860465116,4.209302325581396,1.0465116279069768,3.1627906976744184,57,26,66.27906976744185
top1_10retrieve_gpt_5_mini_policy_openai_small,policy,10,1,69,65.71428571428571,0.5859673337934208,1.0,2.63768115942029,1.0,1.6376811594202898,44,25,63.76811594202898
top3_10retrieve_gpt_5_mini_policy_openai_small,policy,10,3,85,80.95238095238095,0.5560597572362279,0.892156862745098,2.6,1.2705882352941176,1.3294117647058823,45,40,52.94117647058824
